id;submitdate;lastpage;startlanguage;seed;startdate;datestamp;group;ident;PI1;PI2;I1;I2;I3;I4;PO1;PO2T[SQ002];PO2T[SQ003];PO2T[SQ004];PO2T[SQ008];PO2T[SQ010];PO2T[SQ012];PO2T[SQ013];PO2T[SQ018];PO2T[SQ014];PO2T[SQ016];PO2T[SQ017];PO3U[SQ001];PO3U[SQ003];PO3U[SQ004];PO3U[SQ005];PO3U[SQ006];PO4E[SQ001];PO4E[SQ003];PO4E[SQ006];PO4E[SQ008];PO4E[SQ019];PO4E[SQ011];PO4E[SQ012];PO4E[SQ017];PO4E[SQ018];PO5OP;DE1;DE2;DE2[other];DE3;DE4[SQ001];DE4[SQ002];DE4[SQ003];DE4[SQ004];DE4[SQ005];DE4[other];DE5;FEED;interviewtime;groupTime8318;groupTime;identTime;groupTime8319;PI1Time;PI2Time;groupTime8315;I1Time;I2Time;I3Time;I4Time;groupTime8316;PO1Time;PO2TTime;PO3UTime;PO4ETime;PO5OPTime;groupTime8317;DE1Time;DE2Time;DE3Time;DE4Time;DE5Time;groupTime8320;FEEDTime
152;2026-06-30 16:09:42;19;en;1608135042;2026-06-30 15:53:16;2026-06-30 16:09:42;3;686750;Advanced;Frequently / weekly;;;;;When n is 0;6;6;7 (strongly agree);5;4;5;7 (strongly agree);7 (strongly agree);2;6;2;3;3;6;6;6;6;6;4;2;1 (strongly disagree);6;7 (strongly agree);2;2;I liked that it addressed me by my nickname. This made the chatbot feel more like a personal assistant and very empathetic, like learning with a very patient tutor;;Woman;;Bachelor's degree;Yes;Yes;No;No;No;;25 to 34;;991.74;;;;;3.99;7.08;;;;;656.25;;64.23;71.72;20.38;36.09;76.75;;7.08;3.83;4.52;14.28;4.62;;20.92
89;2026-06-26 12:44:07;19;en;145425722;2026-06-26 12:27:43;2026-06-26 12:44:07;2;282841;Advanced;Frequently / weekly;;;;;When n is 0;6;6;5;4;6;7 (strongly agree);6;7 (strongly agree);2;6;3;6;6;4;3;3;4;4;3;5;1 (strongly disagree);3;6;2;2;;;Man;;High school diploma / Abitur;Yes;Yes;No;No;No;Turkish;18 to 24;A chatbot that I have never used before asking for my name feels off.;989.65;;;;;3.8;135.44;;;;573.31;;;31.55;106.54;22.14;43.14;15.45;;6.07;5.16;6.75;9.49;4.16;;26.65
109;2026-06-28 17:47:21;19;en;844476228;2026-06-28 17:31:18;2026-06-28 17:47:21;1;263811;Basic knowledge;Daily;;;;;When n is 0;2;3;7 (strongly agree);2;7 (strongly agree);5;7 (strongly agree);7 (strongly agree);3;5;1 (strongly disagree);1 (strongly disagree);1 (strongly disagree);3;1 (strongly disagree);2;4;5;4;5;1 (strongly disagree);1 (strongly disagree);3;3;5;it asks how i wanted to be called, but there is not much else. It is mostly related to the tasks or code;;Woman;;High school diploma / Abitur;No;No;No;No;No;Turkish;25 to 34;;969.98;;;;;6.34;23.8;;;332.49;;;;237.08;100.91;37.3;53.66;110.89;;18.16;5.33;7.19;25.8;6.44;;4.59
16;2026-05-27 07:44:54;19;en;481719053;2026-05-27 07:29:03;2026-05-27 07:44:54;2;711724;Advanced;Daily;;;;;When n is 0;2;3;3;3;4;5;5;7 (strongly agree);3;3;1 (strongly disagree);3;3;2;2;2;3;3;2;2;1 (strongly disagree);2;3;2;2;"language-wise it was fine, although Comet called my name a little too often which made it a bit weird.
The bot also couldn't answer something like 'What does the variable gap_1 stand for?' (there was no explanation for that variable)";;Man;;High school diploma / Abitur;No;Yes;No;No;No;;18 to 24;;957.09;;;;;5.22;5.13;;;;644.61;;;40.13;87.42;30.41;35.02;85.86;;4.16;3.92;4.6;4.76;3.26;;2.59
103;2026-06-27 21:20:32;19;en;1393793773;2026-06-27 21:05:13;2026-06-27 21:20:32;4;827986;Advanced;Frequently / weekly;;;;;When n is 0;6;7 (strongly agree);7 (strongly agree);6;6;4;7 (strongly agree);7 (strongly agree);3;7 (strongly agree);4;7 (strongly agree);7 (strongly agree);6;6;6;6;7 (strongly agree);6;6;1 (strongly disagree);6;6;6;5;;;Woman;;High school diploma / Abitur;Yes;No;No;No;No;Romanian;18 to 24;;924.73;;;;;8.79;7.35;;485.45;;;;;60.13;125.83;30.53;72.11;76.56;;7.96;4.25;8.76;20.04;7.19;;9.78
146;2026-06-30 13:20:17;19;en;1144561142;2026-06-30 13:05:02;2026-06-30 13:20:17;1;616237;Basic knowledge;Daily;;;;;When the largest disk is on the bottom;2;2;7 (strongly agree);1 (strongly disagree);7 (strongly agree);7 (strongly agree);7 (strongly agree);7 (strongly agree);4;7 (strongly agree);7 (strongly agree);7 (strongly agree);7 (strongly agree);2;2;2;1 (strongly disagree);1 (strongly disagree);1 (strongly disagree);2;1 (strongly disagree);1 (strongly disagree);1 (strongly disagree);5;5;;;Woman;;High school diploma / Abitur;No;Yes;No;No;No;;25 to 34;;922.01;;;;;13.61;5.04;;;662.73;;;;30.64;79.29;43.55;34.67;13.45;;12.44;6.6;6.39;5.52;4.23;;3.85
119;2026-06-29 10:50:56;19;en;645556938;2026-06-29 10:35:46;2026-06-29 10:50:56;1;246349;Basic knowledge;Frequently / weekly;;;;;When n is 0;3;3;3;5;2;2;7 (strongly agree);7 (strongly agree);4;7 (strongly agree);2;4;2;5;5;5;2;2;1 (strongly disagree);1 (strongly disagree);1 (strongly disagree);3;5;1 (strongly disagree);1 (strongly disagree);the only thing i remarked is the insistance on calling me Mr. or Mrs. If i say just say my name he repeat the sentence as if i said nothing . I don t want to be called Mr.;;Man;;Bachelor's degree;Yes;Yes;Yes;No;No;Arabic;18 to 24;i don t have any other comments;915.8;;;;;3.37;5.69;;;543.57;;;;31.22;104.8;30.17;57;77.67;;15.49;8.06;6.17;17.28;3.54;;11.77
87;2026-06-26 10:25:33;19;en;2126841827;2026-06-26 10:10:42;2026-06-26 10:25:33;1;611692;Basic knowledge;Daily;;;;;When n is 0;4;3;6;3;5;6;5;7 (strongly agree);2;6;5;5;5;4;3;3;2;2;1 (strongly disagree);1 (strongly disagree);1 (strongly disagree);1 (strongly disagree);2;3;3;;;Prefer not to say;;High school diploma / Abitur;No;Yes;No;No;No;;18 to 24;;896.33;;;;;7.6;5.67;;;684.23;;;;18.26;78.12;23.04;33.74;14.77;;4.79;6.69;6.14;6.1;5.09;;2.09
52;2026-06-23 17:38:37;19;en;153907545;2026-06-23 17:23:50;2026-06-23 17:38:37;2;863954;Advanced;Daily;;;;;When n is 0;2;2;6;4;4;2;4;7 (strongly agree);3;4;2;2;2;2;2;2;2;1 (strongly disagree);4;4;1 (strongly disagree);1 (strongly disagree);2;2;2;;;Man;;Bachelor's degree;Yes;Yes;No;No;No;;25 to 34;;893.67;;;;;3.89;5.23;;;;194.1;;;54.52;46.84;28.89;25.12;8.65;;6.38;3.33;3.61;5.58;4.05;;503.48
127;2026-06-29 16:06:09;19;en;749054042;2026-06-29 15:51:26;2026-06-29 16:06:09;3;352261;Basic knowledge;Daily;;;;;When the largest disk is on the bottom;2;5;4;4;6;1 (strongly disagree);6;7 (strongly agree);4;4;1 (strongly disagree);4;4;2;3;5;4;3;4;3;1 (strongly disagree);2;6;6;4;"not really. i was asked directly to chose between mr and mrs but maybe referring me just by my name could make it friendlier and much gender neutral
";;Man;;High school diploma / Abitur;Yes;Yes;No;No;No;turkish;18 to 24;;889.02;;;;;10.23;5.94;;;;;594.79;;43.24;51.24;31.23;31.69;79.46;;9.19;6.16;4.33;10.32;4.63;;6.57
35;2026-06-17 17:25:38;19;en;1695716245;2026-06-17 17:11:01;2026-06-17 17:25:38;2;387089;No experience;Daily;;;;;When n is 0;4;3;5;5;5;3;3;4;5;3;4;3;4;5;7 (strongly agree);6;2;4;6;3;1 (strongly disagree);4;4;5;5;;;Man;;High school diploma / Abitur;No;Yes;No;No;No;;18 to 24;;882.36;;;;;5.55;5.86;;;;4.25;;;21.08;34.05;18.39;769.72;5.23;;2.06;3.01;3.75;4.74;3.19;;1.48
95;2026-06-27 10:50:50;19;en;1426469503;2026-06-27 10:36:21;2026-06-27 10:50:50;2;308941;Basic knowledge;Daily;;;;;When n is 0;5;5;6;6;3;5;7 (strongly agree);7 (strongly agree);2;6;5;6;6;7 (strongly agree);7 (strongly agree);7 (strongly agree);6;5;6;5;7 (strongly agree);6;5;4;4;;;Woman;;High school diploma / Abitur;No;No;No;No;No;Russisch ;18 to 24;;876.37;;;;;4.12;7.63;;;;243.16;;;54.58;263.85;58.47;87.57;24.58;;54.57;10.7;8.01;49.83;5.4;;3.9
106;2026-06-28 16:53:41;19;en;803729760;2026-06-28 16:39:17;2026-06-28 16:53:41;3;387230;Advanced;Daily;;;;;When n is 0;2;2;7 (strongly agree);4;4;2;6;7 (strongly agree);2;4;1 (strongly disagree);1 (strongly disagree);1 (strongly disagree);2;2;2;2;2;4;4;1 (strongly disagree);3;4;4;3;;;Man;;High school diploma / Abitur;No;Yes;No;No;No;;18 to 24;"for me it was not clear what the bot really wanted from me. pseudo code is also always very unclear what i can do and what not
";870.51;;;;;6.87;6.84;;;;;548.07;;33.01;83.59;39.34;48.19;11.59;;5.26;3.69;8.89;8.03;4.38;;62.76
114;2026-06-28 21:57:39;19;en;1047555307;2026-06-28 21:43:14;2026-06-28 21:57:39;4;476238;Basic knowledge;Daily;;;;;When the move count reaches n;4;5;6;4;3;5;6;7 (strongly agree);3;5;2;5;5;6;6;4;5;2;3;2;1 (strongly disagree);4;5;5;5;;;Woman;;Bachelor's degree;No;Yes;No;No;No;;25 to 34;;869.48;;;;;5.48;6.29;;125.19;;;;;41.61;79.32;30.29;45.85;6.34;;3.97;6.38;119.96;3.63;4.04;;391.13
41;2026-06-18 20:01:41;19;en;1678997930;2026-06-18 19:47:24;2026-06-18 20:01:41;1;680460;Basic knowledge;Frequently / weekly;;;;;When n is 0;5;6;6;6;7 (strongly agree);5;7 (strongly agree);7 (strongly agree);1 (strongly disagree);6;5;5;5;6;6;5;4;5;2;2;1 (strongly disagree);5;4;5;2;;;Woman;;Bachelor's degree;No;Yes;No;No;No;;25 to 34;;863.94;;;;;37.47;13.46;;;644.84;;;;20.15;56.25;24.71;28.16;9.48;;5.28;4.64;4.53;5.77;5.52;;3.68
129;2026-06-29 16:47:41;19;en;2057614348;2026-06-29 16:34:35;2026-06-29 16:47:41;3;103955;Advanced;Daily;;;;;When n is 0;4;5;6;2;3;3;7 (strongly agree);7 (strongly agree);2;4;1 (strongly disagree);1 (strongly disagree);1 (strongly disagree);1 (strongly disagree);1 (strongly disagree);1 (strongly disagree);1 (strongly disagree);1 (strongly disagree);7 (strongly agree);7 (strongly agree);1 (strongly disagree);1 (strongly disagree);2;3;1 (strongly disagree);;;Man;;High school diploma / Abitur;No;No;No;No;No;Romanian;18 to 24;;792.78;;;;;4.54;10.84;;;;;534.76;;13.84;121.92;14.96;46.52;11.28;;6.27;4.06;5.47;12.93;2.62;;2.77
102;2026-06-27 15:38:10;19;en;1054963281;2026-06-27 15:25:34;2026-06-27 15:38:10;4;839188;Basic knowledge;Rarely / once every few months;;;;;When the largest disk is on the bottom;3;4;4;3;5;4;5;7 (strongly agree);4;5;3;4;4;5;5;5;3;4;3;3;1 (strongly disagree);4;4;2;2;;;Woman;;Bachelor's degree;No;Yes;No;No;No;;25 to 34;;760.77;;;;;9.53;13.74;;487.1;;;;;55.66;65.09;33.01;49.55;8.15;;3.96;11.28;4.75;9.33;5.05;;4.57
59;2026-06-24 12:04:47;19;en;287887213;2026-06-24 11:51:27;2026-06-24 12:04:47;4;600665;Basic knowledge;Frequently / weekly;;;;;When n is 0;4;5;4;3;6;6;7 (strongly agree);7 (strongly agree);2;3;3;6;6;6;6;6;4;6;2;3;1 (strongly disagree);3;4;2;3;I maybe would have him talk more casual l;;Man;;High school diploma / Abitur;No;Yes;No;No;No;Arabic;18 to 24;;752.62;;;;;7.81;6.27;;4.46;;;;;29.42;519.58;27.15;40.42;63.86;;5.63;3.65;6.36;27.4;6.38;;4.23
66;2026-06-24 14:38:49;19;en;1750245207;2026-06-24 14:26:29;2026-06-24 14:38:49;4;850301;Basic knowledge;Daily;;;;;When n is 0;5;6;7 (strongly agree);4;4;5;7 (strongly agree);7 (strongly agree);1 (strongly disagree);7 (strongly agree);5;7 (strongly agree);7 (strongly agree);4;7 (strongly agree);5;4;6;3;6;1 (strongly disagree);6;3;4;3;No I found the Bot to be very gender-neutral and empathetic i just felt a bit bombarded at the beginning, because the bot generated so much text in the beginning, but it was very helpful.;;Man;;High school diploma / Abitur;No;Yes;No;No;No;;18 to 24;I wish you the best of luck for your bachelors thesis :);746.06;;;;;15.42;7.39;;270.16;;;;;40.32;93.39;34.99;44.62;119.85;;15.81;5.49;8.56;9.94;5.7;;74.42
45;2026-06-21 20:44:05;19;en;1255972025;2026-06-21 20:31:51;2026-06-21 20:44:05;2;951118;Basic knowledge;Daily;;;;;When n is 0;6;6;6;6;5;5;5;7 (strongly agree);3;5;5;5;5;5;5;5;5;5;3;3;1 (strongly disagree);5;5;5;2;;;Woman;;Bachelor's degree;No;No;No;No;No;Polish ;25 to 34;;741.59;;;;;6.65;5.95;;;;254.83;;;59.23;317.72;36.39;27.73;4.38;;3.12;3.96;3.19;10.81;4.92;;2.71
157;2026-06-30 17:57:36;19;en;296351322;2026-06-30 17:45:26;2026-06-30 17:57:36;3;127791;Advanced;Daily;;;;;When n is 0;4;6;7 (strongly agree);5;7 (strongly agree);4;6;7 (strongly agree);6;5;3;6;6;6;6;6;4;4;7 (strongly agree);7 (strongly agree);1 (strongly disagree);2;2;2;2;;;Man;;Bachelor's degree;Yes;No;No;No;No;;25 to 34;;738.05;;;;;4.3;12.36;;;;;421.4;;34.9;68.86;13.76;62.28;5.02;;46.74;42.28;7.39;8.63;5.37;;4.76
28;2026-06-16 17:42:21;19;en;860426209;2026-06-16 17:30:12;2026-06-16 17:42:21;1;170790;No experience;Daily;;;;;When n is 0;4;4;4;4;3;3;4;7 (strongly agree);4;4;4;4;4;4;3;3;2;2;2;2;1 (strongly disagree);2;2;2;2;;;Woman;;Master's degree;No;Yes;No;No;No;;25 to 34;;735.78;;;;;5.73;22.51;;;19.57;;;;24.97;27.9;19.12;249.94;7.31;;119.49;69.83;5.8;6.12;154.95;;2.54
57;2026-06-24 08:40:05;19;en;1050111253;2026-06-24 08:28:03;2026-06-24 08:40:05;3;455383;Advanced;Frequently / weekly;;;;;When n is 0;6;6;4;4;4;5;7 (strongly agree);7 (strongly agree);1 (strongly disagree);4;5;3;3;6;5;6;4;4;4;3;1 (strongly disagree);3;5;2;2;;;Man;;Bachelor's degree;Yes;Yes;No;No;No;;25 to 34;The Chatbot session was way too short to answer the questions.;728.44;;;;;13.55;8.5;;;;;373.09;;16.97;135.56;45.69;48.65;13.04;;9.03;13.91;5.87;8.4;6.64;;29.54
153;2026-06-30 16:58:42;19;en;997501567;2026-06-30 16:46:46;2026-06-30 16:58:42;1;183621;Basic knowledge;Frequently / weekly;;;;;When the largest disk is on the bottom;7 (strongly agree);7 (strongly agree);7 (strongly agree);7 (strongly agree);1 (strongly disagree);7 (strongly agree);7 (strongly agree);7 (strongly agree);1 (strongly disagree);4;7 (strongly agree);4;6;6;6;7 (strongly agree);4;4;3;3;1 (strongly disagree);4;7 (strongly agree);2;2;No, there were no such words.;;Woman;;Bachelor's degree;No;Yes;No;No;No;;18 to 24;;722.65;;;;;71.37;7.98;;;411.92;;;;19.54;70.51;35.96;42.08;23.77;;6.84;7.74;5.55;11.2;4.87;;3.32
40;2026-06-18 16:23:42;19;en;1832875901;2026-06-18 16:11:46;2026-06-18 16:23:42;2;387646;Basic knowledge;Daily;;;;;When the largest disk is on the bottom;1 (strongly disagree);1 (strongly disagree);5;1 (strongly disagree);4;1 (strongly disagree);6;7 (strongly agree);7 (strongly agree);2;1 (strongly disagree);1 (strongly disagree);1 (strongly disagree);1 (strongly disagree);1 (strongly disagree);1 (strongly disagree);1 (strongly disagree);1 (strongly disagree);1 (strongly disagree);1 (strongly disagree);1 (strongly disagree);1 (strongly disagree);2;3;3;The chatbot did not work very well as it only accepted one answer format, so the immerson was drastically reduced. I felt frustrated as I had to specifcally follow the answer format and it would not let me move on when saying that I do not know. This was liekly about the chatbot writing in an empathetic way, but I was distracted from that due to the confusion;;Woman;;Master's degree;Yes;Yes;No;No;No;;25 to 34;;721.54;;;;;4.28;4.27;;;;448.9;;;46.41;45.67;17.61;28.32;103.28;;3.17;3.68;3.62;5.54;4.29;;2.5
77;2026-06-25 11:37:06;19;en;185006387;2026-06-25 11:25:22;2026-06-25 11:37:06;4;362263;Advanced;Daily;;;;;When n is 0;4;4;4;3;5;3;6;7 (strongly agree);1 (strongly disagree);5;5;5;4;4;5;5;5;5;5;5;1 (strongly disagree);6;3;3;3;"No there were no such words as it always referred to me as ""you"", however the bot also didnt seem empathetic and seemed neutral";;Woman;;High school diploma / Abitur;Yes;Yes;No;No;No;Hindi;18 to 24;;709.13;;;;;12.39;7.64;;473.63;;;;;34.04;40.68;35.26;30.16;41.52;;4.23;4.14;6.29;10.93;5.05;;3.17
122;2026-06-29 14:41:58;19;en;1603762260;2026-06-29 14:30:14;2026-06-29 14:41:58;4;615322;Basic knowledge;Frequently / weekly;;;;;When n is 0;4;5;6;6;7 (strongly agree);5;6;7 (strongly agree);2;5;6;6;5;6;6;5;2;4;3;2;1 (strongly disagree);4;2;5;4;;;Woman;;Bachelor's degree;Yes;Yes;No;No;No;;25 to 34;;708.45;;;;;7.22;5.09;;294.3;;;;;123.4;37.4;19.14;20.51;26.85;;5.08;67.06;5.8;89.62;4.96;;2.02
65;2026-06-24 14:24:32;19;en;1667496856;2026-06-24 14:12:30;2026-06-24 14:24:32;4;571612;Basic knowledge;Frequently / weekly;;;;;When n is 0;5;5;6;4;7 (strongly agree);4;6;7 (strongly agree);2;2;5;5;5;5;6;6;4;4;3;3;1 (strongly disagree);5;4;3;2;;;Man;;High school diploma / Abitur;No;No;No;No;Yes;;18 to 24;The chatbot was helpful overall but for topics like Hanoi adding some visual things might help to understand task better. ;708.12;;;;;8.28;8.72;;394.46;;;;;29.98;74.17;34.26;31.79;14.1;;6.67;8.27;5.98;12.82;3.42;;75.2
135;2026-06-29 21:49:56;19;en;1713782013;2026-06-29 21:38:51;2026-06-29 21:49:56;1;547823;Basic knowledge;Daily;;;;;When n is 0;6;6;6;5;6;6;4;7 (strongly agree);1 (strongly disagree);4;3;7 (strongly agree);5;6;7 (strongly agree);7 (strongly agree);3;3;2;2;1 (strongly disagree);4;4;3;1 (strongly disagree);;;Woman;;High school diploma / Abitur;No;No;No;No;No;Turkish;18 to 24;;672.78;;;;;3.82;21.28;;;205.98;;;;169.15;87.81;55.31;65.75;4.68;;4.57;6.38;18.06;18.54;8.68;;2.77
47;2026-06-23 14:24:26;19;en;262715693;2026-06-23 14:13:24;2026-06-23 14:24:26;2;899317;Basic knowledge;Occasionally / a few times a month;;;;;When n is 0;4;4;5;3;4;4;2;5;5;1 (strongly disagree);5;5;6;4;6;7 (strongly agree);1 (strongly disagree);5;3;4;6;5;4;7 (strongly agree);2;;;Man;;Master's degree;No;Yes;No;No;No;;45 to 54;;667.7;;;;;4.3;3.01;;;;1.94;;;3.46;19.95;6.29;8.97;2.06;;1.62;3.5;3.64;3.66;4.05;;1.25
141;2026-06-30 11:58:14;19;en;2062902316;2026-06-30 11:47:56;2026-06-30 11:58:14;1;865468;No experience;Occasionally / a few times a month;;;;;When n is 0;5;5;6;5;6;6;6;7 (strongly agree);2;2;5;5;6;6;6;6;5;5;3;3;1 (strongly disagree);5;3;3;2;;;Man;;High school diploma / Abitur;Yes;Yes;No;No;No;;25 to 34;;623.68;;;;;10.32;5.46;;;285.01;;;;137.89;74.22;26.57;38.87;14.16;;3.04;3.21;4.7;14.03;2.94;;3.26
26;2026-06-15 09:20:20;19;en;1619325291;2026-06-15 09:10:04;2026-06-15 09:20:20;1;134587;Basic knowledge;Occasionally / a few times a month;;;;;When n disks are on the destination rod;2;2;3;3;5;3;5;7 (strongly agree);3;5;2;2;2;2;2;2;2;1 (strongly disagree);1 (strongly disagree);1 (strongly disagree);1 (strongly disagree);1 (strongly disagree);1 (strongly disagree);3;3;No, but he always gave me the same answer and annoyed me with it, wasn't helpful ;;Woman;;Bachelor's degree;No;Yes;No;No;No;;25 to 34;;621.54;;;;;7.18;13.26;;;342.85;;;;51.89;57.45;34.12;36.63;41.76;;3.79;5.22;7.16;7.87;7.34;;5.02
78;2026-06-25 12:07:48;19;en;1132541343;2026-06-25 11:58:05;2026-06-25 12:07:48;4;450337;Basic knowledge;Frequently / weekly;;;;;When n is 0;2;4;5;1 (strongly disagree);3;1 (strongly disagree);2;7 (strongly agree);4;3;2;2;2;3;3;2;3;3;1 (strongly disagree);1 (strongly disagree);1 (strongly disagree);1 (strongly disagree);3;2;2;;;Woman;;Master's degree;No;No;No;Yes;No;;25 to 34;;589.21;;;;;11.05;6.04;;401.81;;;;;41.07;41.87;24.75;29.66;9.33;;3.2;4.4;3.75;5.71;3.99;;2.58
170;2026-06-30 22:53:11;19;en;19124411;2026-06-30 22:43:53;2026-06-30 22:53:11;4;532403;Basic knowledge;Daily;;;;;When n is 0;3;6;7 (strongly agree);1 (strongly disagree);3;1 (strongly disagree);1 (strongly disagree);7 (strongly agree);5;4;1 (strongly disagree);5;5;6;5;2;4;4;4;4;1 (strongly disagree);5;5;2;6;;;Woman;;Master's degree;No;No;No;No;Yes;;25 to 34;;564.37;;;;;6.91;7.39;;15.43;;;;;73.93;152.91;72.73;117.42;24.62;;6.17;14.48;20.17;26.56;17.35;;8.3
169;2026-06-30 22:20:58;19;en;977223887;2026-06-30 22:03:47;2026-06-30 22:20:58;4;406004;Basic knowledge;Daily;;;;;When n is 0;7 (strongly agree);7 (strongly agree);5;6;6;4;4;7 (strongly agree);1 (strongly disagree);4;6;6;6;5;5;6;6;6;6;6;1 (strongly disagree);4;7 (strongly agree);4;5;It used clear and neutral phrases;;Man;;High school diploma / Abitur;Yes;No;No;No;No;Arabic;18 to 24;;549.93;;;;;5.9;145.25;;12.46;;;;;33.89;87.43;41.53;62.39;57.4;;3.54;8.81;9.93;39.15;4.7;;37.55
70;2026-06-24 18:01:37;19;en;507649193;2026-06-24 17:52:34;2026-06-24 18:01:37;4;506976;Basic knowledge;Frequently / weekly;;;;;When n is 0;5;6;6;6;4;4;4;7 (strongly agree);3;4;1 (strongly disagree);6;6;6;6;5;4;4;4;4;1 (strongly disagree);5;5;2;2;;;Man;;Bachelor's degree;No;Yes;No;No;No;;18 to 24;;547.51;;;;;3.06;4.39;;390.68;;;;;7.47;58.33;32.16;26.24;2.21;;1.43;3.14;9.61;3.43;2.93;;2.43
11;2026-05-18 22:18:55;19;en;837233044;2026-05-18 22:09:58;2026-05-18 22:18:55;3;367883;Basic knowledge;Frequently / weekly;;;;;When the move count reaches n;7 (strongly agree);6;6;6;5;5;6;7 (strongly agree);3;4;3;5;5;5;5;5;3;3;3;3;1 (strongly disagree);1 (strongly disagree);2;2;2;;;AO01;;AO03;Yes;No;No;No;No;;18 to 24;I was somewhat lost, as I wasn't sure what chatbot was being referred to. Another confusion but still similarly related to my first point was when I was asked to rate my level of emotions from the chatbot's aid or so.;544.72;;;;;20.93;10.84;;;;;19.14;;85.39;93.46;42.66;77.05;19.36;;3.66;6.84;8.35;7.7;5.81;;143.53
145;2026-06-30 12:36:22;19;en;2128789981;2026-06-30 12:27:25;2026-06-30 12:36:22;4;181254;Advanced;Frequently / weekly;;;;;When n is 0;6;6;6;5;5;4;6;7 (strongly agree);2;6;3;6;6;6;6;6;5;5;6;6;1 (strongly disagree);6;6;3;3;The chatbot’s language felt mostly gender-neutral because it did not use gendered terms or make assumptions about me. Phrases such as “your learning progress” and the step-by-step explanations made it feel somewhat supportive. However, the tone was quite formal and impersonal, so using more encouraging phrases such as “You’re doing well” or “It’s normal to find this difficult” could make it feel more empathetic.;;Woman;;High school diploma / Abitur;Yes;No;No;No;No;hindi;18 to 24;The session was clear, structured, and easy to follow. The examples helped reinforce the concept of recursion, especially the importance of base cases. It would be even better with a few more interactive exercises, visual call-stack explanations, and more personalized feedback after each answer.;543.05;;;;;13.24;6.83;;297.08;;;;;22.24;56.4;21.59;32.36;24.03;;6.95;5.88;10.93;20.85;5.11;;19.56
25;2026-06-08 08:28:58;19;en;1609934710;2026-06-08 08:20:28;2026-06-08 08:28:58;2;500526;No experience;Daily;;;;;When the move count reaches n;1 (strongly disagree);2;6;1 (strongly disagree);3;1 (strongly disagree);5;7 (strongly agree);2;2;1 (strongly disagree);1 (strongly disagree);1 (strongly disagree);1 (strongly disagree);1 (strongly disagree);1 (strongly disagree);1 (strongly disagree);1 (strongly disagree);1 (strongly disagree);1 (strongly disagree);1 (strongly disagree);1 (strongly disagree);7 (strongly agree);6;4;No;;Woman;;Bachelor's degree;Yes;No;Yes;No;No;;25 to 34;;515.49;;;;;5.55;9.46;;;;303.63;;;13.14;63.68;14.27;49.6;25.07;;5.56;5.97;6.86;7.01;3.62;;2.07
50;2026-06-23 17:21:26;19;en;1343330515;2026-06-23 17:13:00;2026-06-23 17:21:26;1;915696;Basic knowledge;Daily;;;;;When the move count reaches n;1 (strongly disagree);1 (strongly disagree);5;1 (strongly disagree);2;1 (strongly disagree);1 (strongly disagree);7 (strongly agree);2;6;2;2;2;2;3;2;2;2;1 (strongly disagree);1 (strongly disagree);1 (strongly disagree);1 (strongly disagree);1 (strongly disagree);3;3;"
";;Woman;;High school diploma / Abitur;No;Yes;No;No;No;;18 to 24;;512.8;;;;;14.18;7.42;;;272.72;;;;24.8;37.87;22.42;39.36;66.81;;4.72;4.33;5.53;6.43;3.99;;2.22
43;2026-06-19 23:19:03;19;en;1350112345;2026-06-19 23:10:54;2026-06-19 23:19:03;4;190107;No experience;Daily;;;;;When n disks are on the destination rod;2;3;5;2;6;3;6;7 (strongly agree);2;4;4;5;3;6;3;2;2;2;2;3;1 (strongly disagree);5;3;4;4;;;Woman;;High school diploma / Abitur;Yes;No;No;Yes;No;;18 to 24;;494.82;;;;;6.98;4.82;;212.59;;;;;41.84;83.66;33.09;50.46;14.12;;8.03;5.57;13.74;12.05;4.08;;3.79
18;2026-06-01 11:18:37;19;en;1423995157;2026-06-01 11:10:54;2026-06-01 11:18:37;4;893585;Basic knowledge;Daily;;;;;When n disks are on the destination rod;2;1 (strongly disagree);2;1 (strongly disagree);1 (strongly disagree);1 (strongly disagree);5;7 (strongly agree);4;4;1 (strongly disagree);3;1 (strongly disagree);1 (strongly disagree);1 (strongly disagree);1 (strongly disagree);2;2;1 (strongly disagree);2;1 (strongly disagree);2;3;3;1 (strongly disagree);;;Nonbinary;;Bachelor's degree;No;Yes;No;No;No;;25 to 34;;468.85;;;;;6.89;6.25;;347.65;;;;;7.28;36.52;14.71;21.45;5.22;;2.05;6.19;4.6;4.95;3.14;;1.95
174;2026-07-01 14:04:45;19;en;628301622;2026-07-01 13:57:18;2026-07-01 14:04:45;3;676656;Basic knowledge;Daily;;;;;When the move count reaches n;5;4;4;4;6;4;4;7 (strongly agree);5;4;4;4;5;4;5;4;5;5;5;4;1 (strongly disagree);4;4;4;4;;;Woman;;Bachelor's degree;Yes;Yes;Yes;No;No;;25 to 34;;454.02;;;;;28.54;8.08;;;;;209.9;;43.69;63.92;25.44;30.46;4.69;;3.16;8.03;4.82;16.01;4.9;;2.38
131;2026-06-29 19:51:44;19;en;1789794845;2026-06-29 19:44:28;2026-06-29 19:51:44;3;807907;Basic knowledge;Daily;;;;;When the move count reaches n;3;2;5;4;3;5;3;4;3;4;4;2;4;3;3;4;3;4;4;3;4;4;3;4;4;no;;Man;;High school diploma / Abitur;Yes;Yes;No;No;No;hindi;18 to 24;ich würde es gerne haben falls man auch direkt und nicht per online feedback ein feedback erhalten würden;442.84;;;;;7.49;5.53;;;;;2.24;;11.96;45.92;225.6;11.24;24.64;;19.73;6.28;9.39;14.92;4.43;;53.47
31;2026-06-16 22:13:20;19;en;413273455;2026-06-16 22:06:10;2026-06-16 22:13:20;3;527496;Basic knowledge;Daily;;;;;When the largest disk is on the bottom;3;4;5;5;4;6;4;7 (strongly agree);4;5;5;3;4;3;4;5;2;2;6;5;1 (strongly disagree);1 (strongly disagree);2;4;6;No emotion. Would work better with emotional backing while explaining;;Man;;Bachelor's degree;Yes;No;No;No;No;;18 to 24;;434.43;;;;;6.56;8.19;;;;;178.14;;112.15;30.46;9.18;29.75;32.88;;3.19;4.51;4.1;6.89;5.27;;3.16
69;2026-06-24 17:49:53;19;en;1584773534;2026-06-24 17:38:26;2026-06-24 17:49:53;2;517221;Basic knowledge;Frequently / weekly;;;;;When n is 0;5;6;6;4;4;4;4;7 (strongly agree);3;4;1 (strongly disagree);6;6;6;6;7 (strongly agree);4;4;4;4;1 (strongly disagree);4;7 (strongly agree);3;2;;;Man;;Bachelor's degree;No;Yes;No;No;No;;18 to 24;;431.5;;;;;17.19;9.96;;;;16.94;;;46.73;103.49;64.07;81.21;24.67;;24.47;6.73;16.37;11.34;4.52;;3.81
137;2026-06-30 02:34:54;19;en;1710674972;2026-06-30 02:28:07;2026-06-30 02:34:54;2;898987;Basic knowledge;Frequently / weekly;;;;;When n disks are on the destination rod;2;3;6;4;4;5;6;7 (strongly agree);2;4;2;5;5;5;5;2;2;3;2;1 (strongly disagree);1 (strongly disagree);2;2;4;4;;;Man;;Master's degree;No;Yes;No;No;No;;25 to 34;;413.07;;;;;5.07;3.08;;;;236.61;;;57.12;40.68;20.65;22.66;4.64;;2.8;3.25;3.95;5.05;3.77;;3.74
15;2026-05-23 10:42:56;19;en;1385335751;2026-05-23 09:36:16;2026-05-23 10:42:56;1;841697;Basic knowledge;Frequently / weekly;;;;;When the move count reaches n;6;4;5;6;5;6;4;7 (strongly agree);5;3;3;5;6;5;5;6;5;5;4;5;6;7 (strongly agree);5;5;5;;;Man;;Bachelor's degree;No;Yes;No;No;No;;25 to 34;;4005.33;;;;;3432.72;516.35;;;2.95;;;;2.56;17.01;7.17;5.97;2.28;;1.89;4.11;3.85;3.33;2.56;;2.58
90;2026-06-26 13:23:09;19;en;689459206;2026-06-26 13:16:46;2026-06-26 13:23:09;3;642498;Basic knowledge;Daily;;;;;When n disks are on the destination rod;2;2;5;1 (strongly disagree);6;3;6;7 (strongly agree);2;2;3;5;4;3;3;2;1 (strongly disagree);1 (strongly disagree);1 (strongly disagree);2;1 (strongly disagree);2;2;1 (strongly disagree);1 (strongly disagree);;;Woman;;Bachelor's degree;No;Yes;No;No;No;;25 to 34;;390.49;;;;;6.65;7;;;;;221.58;;8.39;49.25;22.6;31.74;9.13;;5.84;6.6;5.86;8.32;4.65;;2.88
44;2026-06-21 12:27:52;19;en;1396688848;2026-06-21 12:21:42;2026-06-21 12:27:52;4;636402;Basic knowledge;Frequently / weekly;;;;;When n is 0;5;4;5;5;5;2;4;7 (strongly agree);5;5;5;5;5;5;5;3;4;4;4;4;1 (strongly disagree);5;5;3;4;;;Woman;;Bachelor's degree;No;Yes;No;No;No;;25 to 34;;373.99;;;;;6.06;6.06;;4.49;;;;;20.35;233.18;43.57;31.31;4.01;;3.35;3.98;3.77;8.09;4.01;;1.76
55;2026-06-23 20:20:23;19;en;1299423766;2026-06-23 19:19:47;2026-06-23 20:20:23;2;347245;Basic knowledge;Daily;;;;;When n is 0;1 (strongly disagree);2;1 (strongly disagree);2;2;2;4;7 (strongly agree);7 (strongly agree);6;1 (strongly disagree);1 (strongly disagree);1 (strongly disagree);1 (strongly disagree);1 (strongly disagree);1 (strongly disagree);3;3;3;3;1 (strongly disagree);1 (strongly disagree);5;6;6;The responses from Coment seem gender-neutral to me.;;Woman;;High school diploma / Abitur;Yes;Yes;No;No;No;Vietnamese;25 to 34;;3641.04;;;;;55.78;47.05;;;;1081.29;;;119.88;1066.16;114.5;134.45;932.02;;7.15;10.01;12.53;32.96;7.54;;19.72
80;2026-06-25 14:54:52;19;en;1350999652;2026-06-25 14:49:14;2026-06-25 14:54:52;3;473641;Basic knowledge;Daily;;;;;When n is 0;7 (strongly agree);4;7 (strongly agree);7 (strongly agree);7 (strongly agree);7 (strongly agree);2;7 (strongly agree);7 (strongly agree);4;3;7 (strongly agree);7 (strongly agree);7 (strongly agree);7 (strongly agree);7 (strongly agree);7 (strongly agree);7 (strongly agree);7 (strongly agree);7 (strongly agree);1 (strongly disagree);7 (strongly agree);7 (strongly agree);1 (strongly disagree);1 (strongly disagree);The bot felt gender neutral because it didn’t use any gendered pronouns or descriptors for itself.;;Man;;Prefer not to say;Yes;No;No;No;No;;18 to 24;;344.48;;;;;13.21;5.56;;;;;4.45;;21.41;78.51;21.85;30.18;127.28;;2.31;8.49;11.17;9.61;3.78;;6.67
24;2026-06-06 09:21:48;19;en;683093137;2026-06-06 09:16:21;2026-06-06 09:21:48;2;144142;Basic knowledge;Daily;;;;;When the move count reaches n;6;5;6;5;3;6;4;7 (strongly agree);3;4;3;5;5;5;6;6;4;4;4;3;1 (strongly disagree);5;3;4;4;;;Woman;;Master's degree;No;Yes;No;No;No;;25 to 34;;334.64;;;;;6.12;4.02;;;;171.72;;;52.3;38.3;12.88;22.87;6.61;;2.46;2.84;4.36;4.49;2.92;;2.75
20;2026-06-03 10:16:48;19;en;12817737;2026-06-03 10:11:23;2026-06-03 10:16:48;1;404215;Advanced;Daily;;;;;When n is 0;2;5;5;2;2;5;3;7 (strongly agree);6;6;7 (strongly agree);1 (strongly disagree);1 (strongly disagree);1 (strongly disagree);1 (strongly disagree);1 (strongly disagree);1 (strongly disagree);3;2;5;1 (strongly disagree);5;2;5;1 (strongly disagree);;;Man;;Bachelor's degree;Yes;Yes;No;No;No;;18 to 24;;330.84;;;;;2.86;5.45;;;146.14;;;;80.04;35.92;11.14;19.54;9.83;;2.62;3.72;3.09;4.85;3.49;;2.15
107;2026-06-28 16:48:51;19;en;72182879;2026-06-28 16:43:50;2026-06-28 16:48:51;1;975674;No experience;Frequently / weekly;;;;;When n is 0;1 (strongly disagree);1 (strongly disagree);5;3;3;3;5;7 (strongly agree);3;5;5;1 (strongly disagree);1 (strongly disagree);1 (strongly disagree);1 (strongly disagree);1 (strongly disagree);1 (strongly disagree);1 (strongly disagree);1 (strongly disagree);1 (strongly disagree);1 (strongly disagree);1 (strongly disagree);1 (strongly disagree);1 (strongly disagree);1 (strongly disagree);;;Woman;;Bachelor's degree;No;Yes;No;No;No;;25 to 34;;307.86;;;;;5.23;6.02;;;175.18;;;;6.9;43.93;14.38;17.25;10.14;;2.89;4.65;4.89;8.88;4.46;;3.06
7;2026-05-15 23:35:48;19;en;1785226345;2026-05-15 22:42:11;2026-05-15 23:35:48;3;833957;Advanced;Occasionally / a few times a month;;;;;When n is 0;4;5;2;2;2;2;5;7 (strongly agree);4;3;1 (strongly disagree);3;2;1 (strongly disagree);1 (strongly disagree);1 (strongly disagree);4;4;4;7 (strongly agree);7 (strongly agree);2;1 (strongly disagree);1 (strongly disagree);1 (strongly disagree);I guess it could help a beginner understand some things but then hanoi is rather advanced and somewhat came out of nowhere without any prior explanation about what's going on there;;AO02;;AO06;Yes;Yes;No;No;No;;25 to 34;;3000.35;;;;;3.64;5.08;;;;;1995.63;;21.38;55.49;32.69;45.6;68.83;;394.85;4.29;5.38;360.71;4.2;;2.58
116;2026-06-29 00:28:50;19;en;2075951906;2026-06-29 00:24:06;2026-06-29 00:28:50;4;275424;Basic knowledge;Frequently / weekly;;;;;When the largest disk is on the bottom;3;2;4;2;4;2;5;7 (strongly agree);2;4;2;4;5;4;4;4;2;2;2;2;1 (strongly disagree);2;1 (strongly disagree);2;2;;;Woman;;Bachelor's degree;Yes;Yes;No;No;No;;25 to 34;;289.7;;;;;5.71;7.21;;144.86;;;;;24.86;36.49;15.16;19.3;7.57;;3.25;4.95;4.15;9.24;4.26;;2.69
143;2026-06-30 12:52:50;19;en;159752788;2026-06-30 12:09:59;2026-06-30 12:52:50;1;825842;Advanced;Occasionally / a few times a month;;;;;When n is 0;2;3;4;5;3;1 (strongly disagree);7 (strongly agree);7 (strongly agree);4;7 (strongly agree);4;2;2;3;3;2;3;3;2;1 (strongly disagree);1 (strongly disagree);3;3;4;5;;;Nonbinary;;High school diploma / Abitur;No;Yes;No;No;No;;18 to 24;The bot asks at the start if the user prefers Mrs. or Mr. for users that don't identify with either option it would be nice to have a third;2577.42;;;;;10.81;17.54;;;1766.43;;;;267.96;129.8;39.84;61.96;118.3;;9.09;14.83;10.22;8.82;7.02;;114.8
136;2026-06-29 23:16:53;19;en;476147952;2026-06-29 22:37:14;2026-06-29 23:16:53;3;242236;Basic knowledge;Occasionally / a few times a month;;;;;When n is 0;2;4;3;4;5;3;7 (strongly agree);7 (strongly agree);1 (strongly disagree);6;1 (strongly disagree);4;3;5;5;5;4;5;3;3;1 (strongly disagree);3;6;3;2;The chatbot's language was a bit robotic making it feel a little less empathetic.;;Woman;;High school diploma / Abitur;No;Yes;No;No;No;;18 to 24;;2384.48;;;;;35.13;14.58;;;;;1735.48;;46.29;160.42;96.24;102.21;143.69;;9.68;9.4;10.44;7.34;6.03;;7.55
171;2026-06-30 23:36:44;19;en;100369994;2026-06-30 23:32:58;2026-06-30 23:36:44;3;394622;Basic knowledge;Daily;;;;;When n is 0;6;6;6;5;4;4;4;7 (strongly agree);3;5;2;6;6;6;6;6;4;4;4;3;1 (strongly disagree);1 (strongly disagree);1 (strongly disagree);1 (strongly disagree);1 (strongly disagree);The language felt neutral. “please” and “could you help” made it sound a bit more polite.;;Woman;;High school diploma / Abitur;Yes;Yes;No;No;No;;18 to 24;;232.56;;;;;3.88;4.8;;;;;2.94;;16.46;54.71;24.29;43.14;36.11;;23.49;3.17;4.86;4.65;3.49;;6.57
96;2026-06-27 12:25:42;19;en;2078408481;2026-06-27 11:48:17;2026-06-27 12:25:42;2;966258;Basic knowledge;Rarely / once every few months;;;;;When n is 0;5;5;4;5;6;3;3;7 (strongly agree);2;4;2;5;4;3;2;6;6;6;5;6;1 (strongly disagree);6;3;5;6;"I'm curious to see your thoughts!
I'm sure you'll understand this better with our exercise
That’s perfectly fine
No one is perfect at the start
everyone learns by making mistakes";;Woman;;Bachelor's degree;No;Yes;No;No;No;;25 to 34;;2251.46;;;;;15.68;13.69;;;;1548.04;;;116.11;218.83;51.87;58.1;171.29;;10.97;13.3;6.51;12.74;5.93;;8.4
82;2026-06-25 15:05:11;19;en;374981779;2026-06-25 15:00:45;2026-06-25 15:05:11;4;787976;Basic knowledge;Frequently / weekly;;;;;When n disks are on the destination rod;3;4;4;4;4;4;4;4;4;4;4;6;6;5;5;6;3;3;5;4;1 (strongly disagree);3;5;3;3;;;Woman;;High school diploma / Abitur;Yes;Yes;No;No;No;;18 to 24;;215.26;;;;;6.54;22.24;;4.1;;;;;31.56;27.32;22.06;57.37;3.58;;2.67;7.29;8.46;14.74;5.07;;2.26
22;2026-06-05 10:49:23;19;en;185021380;2026-06-05 10:45:09;2026-06-05 10:49:23;4;530539;No experience;Daily;;;;;When n is 0;2;2;3;3;3;4;3;3;3;3;3;2;3;2;3;3;2;2;2;2;2;3;2;2;2;it was too much;;Woman;;Bachelor's degree;No;No;No;No;No;greek;25 to 34;;259.21;;;;;8.1;3.85;;57.26;;;;;14.3;21.58;29.35;17.38;16.18;;6.06;3.24;3.16;11.49;3.46;;3.8
124;2026-06-29 15:08:10;19;en;199701833;2026-06-29 14:35:13;2026-06-29 15:08:10;3;398028;Advanced;Never;;;;;When n is 0;3;3;4;5;6;3;5;7 (strongly agree);3;5;2;3;5;3;2;2;4;5;4;6;1 (strongly disagree);3;6;2;1 (strongly disagree);Less gender-neutral & empathetic: None as a title instead of Ms. or Mr.;;Nonbinary;;Bachelor's degree;Yes;Yes;No;No;No;;18 to 24;;1983.15;;;;;7.93;5.78;;;;;666.27;;700.82;256.44;31.51;91.67;129.44;;4.47;4.15;6.3;72.14;3.95;;2.28
68;2026-06-24 17:42:50;19;en;536763741;2026-06-24 17:11:29;2026-06-24 17:42:50;1;110553;Advanced;Frequently / weekly;;;;;When the move count reaches n;3;5;6;6;5;4;7 (strongly agree);7 (strongly agree);1 (strongly disagree);7 (strongly agree);4;7 (strongly agree);7 (strongly agree);7 (strongly agree);7 (strongly agree);7 (strongly agree);3;2;7 (strongly agree);7 (strongly agree);1 (strongly disagree);3;4;1 (strongly disagree);1 (strongly disagree);No.;;Man;;Bachelor's degree;Yes;No;No;No;No;;25 to 34;The bot had unclear instructions.;1887.92;;;;;5.9;26.25;;;1424.08;;;;28.58;144.9;42.55;79.03;36.15;;47.57;8.79;7.61;8.73;7.52;;20.26
36;2026-06-17 18:04:17;19;en;1694931143;2026-06-17 17:35:47;2026-06-17 18:04:17;3;128981;Basic knowledge;Occasionally / a few times a month;;;;;When the largest disk is on the bottom;2;2;4;4;2;1 (strongly disagree);1 (strongly disagree);7 (strongly agree);4;1 (strongly disagree);1 (strongly disagree);1 (strongly disagree);1 (strongly disagree);1 (strongly disagree);1 (strongly disagree);1 (strongly disagree);1 (strongly disagree);1 (strongly disagree);1 (strongly disagree);1 (strongly disagree);1 (strongly disagree);1 (strongly disagree);1 (strongly disagree);1 (strongly disagree);1 (strongly disagree);When I tried to tell him I didnt understand he kept repeating the format of how ma answer should be.;;Woman;;Bachelor's degree;Yes;Yes;No;No;No;;25 to 34;;1715.6;;;;;5.52;6.68;;;;;363.47;;16.02;1223.4;10.95;14.98;41.73;;3.89;10.35;4.51;7.37;4.07;;2.66
63;2026-06-24 13:47:31;19;en;1511946668;2026-06-24 13:21:13;2026-06-24 13:47:31;1;134848;Advanced;Frequently / weekly;;;;;When n is 0;2;2;2;2;6;1 (strongly disagree);7 (strongly agree);7 (strongly agree);2;2;2;2;2;3;5;2;2;2;3;3;1 (strongly disagree);3;3;5;5;When the bot asked if I wanted to be called Ms. or Mr., this did not include a non-binary option;;Man;;Bachelor's degree;No;Yes;No;No;No;;18 to 24;I got stuck using the bot when it asked for the solution of the TOH problem. I was only allowed to answer in a specific format, therefore, could not ask question when I was unsure about the task.;1584.07;;;;;20.17;6.59;;;1126.72;;;;44.78;60.58;42.54;41.9;99.17;;4.29;6.04;6.3;12.16;4.63;;108.2
56;2026-06-24 02:33:14;19;en;1937675755;2026-06-24 02:07:29;2026-06-24 02:33:14;1;458779;Advanced;Daily;;;;;When n is 0;2;3;1 (strongly disagree);3;6;3;6;7 (strongly agree);2;6;1 (strongly disagree);1 (strongly disagree);1 (strongly disagree);3;3;3;3;4;3;2;1 (strongly disagree);4;4;3;5;was to enthusiastic to help and way to frendly to feel genuine empathetic (like most bots or stereotypical americans);;Man;;Bachelor's degree;Yes;Yes;No;No;No;;18 to 24;If possible I would change the bot window to allow for better formating - the code was a bit hard to read like this;1552.21;;;;;8.89;6.57;;;1004.16;;;;34.53;198;37.8;37.98;121.77;;4.73;5.6;5.11;6.85;9.8;;70.42
117;2026-06-29 07:29:06;19;en;299998578;2026-06-29 07:00:26;2026-06-29 07:29:06;3;401324;Basic knowledge;Daily;;;;;When n is 0;7 (strongly agree);7 (strongly agree);7 (strongly agree);6;6;6;7 (strongly agree);7 (strongly agree);7 (strongly agree);7 (strongly agree);7 (strongly agree);7 (strongly agree);7 (strongly agree);7 (strongly agree);7 (strongly agree);7 (strongly agree);7 (strongly agree);7 (strongly agree);7 (strongly agree);7 (strongly agree);7 (strongly agree);7 (strongly agree);6;5;5;The chatbot was neutral and straightforward, which made it feel objective and professional.;;Woman;;Master's degree;No;No;No;No;No;"""Persian""";45 to 54;The chatbot was helpful and easy to use. The session was well-structured and informative.;1514.25;;;;;249.3;6.34;;;;;78.43;;102.56;536.34;49.63;266.23;30.61;;32.21;30.97;45.82;44.35;7.41;;34.05
53;2026-06-23 18:06:24;19;en;304161723;2026-06-23 18:03:01;2026-06-23 18:06:24;1;990857;Basic knowledge;Daily;;;;;When n is 0;5;5;6;5;4;5;5;4;4;5;4;4;4;5;4;4;4;5;5;4;4;4;5;6;3;;;Man;;Bachelor's degree;No;Yes;No;No;No;;18 to 24;;209.6;;;;;8;6.04;;;18.88;;;;20.78;26.13;11.06;17.87;4.92;;2.36;7.28;7.61;11.11;4.73;;2.83
32;2026-06-16 23:10:11;19;en;845167025;2026-06-16 22:45:41;2026-06-16 23:10:11;3;306144;Basic knowledge;Daily;;;;;When n is 0;3;2;5;2;4;2;5;7 (strongly agree);3;4;1 (strongly disagree);2;2;2;2;1 (strongly disagree);1 (strongly disagree);1 (strongly disagree);1 (strongly disagree);3;1 (strongly disagree);2;3;5;5;;;Woman;;Bachelor's degree;Yes;Yes;No;No;No;;18 to 24;;1474.82;;;;;8.16;5.99;;;;;808.22;;27.58;60.36;66.6;44.97;381.19;;27.17;6.71;5.42;14.99;4.66;;12.8
84;2026-06-25 16:25:25;19;en;26299764;2026-06-25 16:01:30;2026-06-25 16:25:25;1;140709;Basic knowledge;Frequently / weekly;;;;;When n is 0;4;6;6;6;7 (strongly agree);4;6;7 (strongly agree);1 (strongly disagree);5;3;6;4;5;7 (strongly agree);7 (strongly agree);4;5;3;2;1 (strongly disagree);6;7 (strongly agree);2;4;I liked that he suggested addressing me by my title and last name, but the fact that the options were limited to “Mr.” and “Ms.” isn’t inclusive enough. Despite this fact, I was satisfied with everything else;;Woman;;High school diploma / Abitur;Yes;No;No;No;No;Ukrainian, Russian;18 to 24;;1442.07;;;;;9.71;11.72;;;582.27;;;;31.48;125.15;40.92;83.55;215.55;;12.29;6.01;12.79;24.44;5.79;;280.4
86;2026-06-26 09:40:30;19;en;503011753;2026-06-26 09:18:11;2026-06-26 09:40:30;1;860020;Advanced;Daily;;;;;When n is 0;2;3;7 (strongly agree);4;4;3;7 (strongly agree);7 (strongly agree);2;4;2;2;2;3;3;2;3;4;4;4;1 (strongly disagree);3;5;5;4;"Question Mr or Ms is maby not needed...
 ";;Woman;;Bachelor's degree;No;No;No;Yes;No;;35 to 44;;1343.63;;;;;5.08;3.25;;;996.37;;;;46.98;93.48;33.93;43.52;83.17;;9.02;4.53;5.97;6.46;6.86;;5.01
138;2026-06-30 10:47:14;19;en;870014234;2026-06-30 10:25:02;2026-06-30 10:47:14;3;595444;Basic knowledge;Occasionally / a few times a month;;;;;When n is 0;1 (strongly disagree);6;1 (strongly disagree);5;4;4;7 (strongly agree);7 (strongly agree);4;5;1 (strongly disagree);1 (strongly disagree);1 (strongly disagree);1 (strongly disagree);5;2;3;3;3;5;1 (strongly disagree);2;6;1 (strongly disagree);1 (strongly disagree);Why have the user use a surname and chose between Mr and Mrs, and not just use a alias?;;Prefer not to say;;High school diploma / Abitur;Yes;Yes;No;No;No;;18 to 24;;1337.81;;;;;6.56;9.32;;;;;28.46;;927.67;92.6;36.03;45.34;146.35;;7.79;10.25;8.88;9.31;5.55;;3.7
155;2026-06-30 17:49:51;19;en;975243147;2026-06-30 17:28:00;2026-06-30 17:49:51;3;269363;Basic knowledge;Daily;;;;;When n is 0;3;5;5;3;5;5;5;7 (strongly agree);3;4;4;4;4;4;4;4;5;5;4;4;1 (strongly disagree);4;5;4;4;;;Woman;;High school diploma / Abitur;Yes;No;No;No;No;;18 to 24;;1315.84;;;;;14.03;22.61;;;;;854.71;;46.29;111.14;22.16;82.44;18.85;;44.36;12.24;58.44;15.57;5.98;;7.02
75;2026-06-25 10:46:53;19;en;1153339822;2026-06-25 10:25:11;2026-06-25 10:46:53;3;391667;Basic knowledge;Daily;;;;;When n is 0;3;7 (strongly agree);7 (strongly agree);6;5;2;7 (strongly agree);7 (strongly agree);2;7 (strongly agree);4;5;4;5;6;5;6;7 (strongly agree);4;4;1 (strongly disagree);6;5;7 (strongly agree);7 (strongly agree);I felt the bot was more empathetic because of using my nickname and the correct title.;;Woman;;Bachelor's degree;No;Yes;No;No;No;;18 to 24;;1310.49;;;;;4.66;11.35;;;;;968.15;;77.75;70.89;27.93;29.42;66.35;;29.76;3.78;4.42;6.38;3.78;;5.87
111;2026-06-28 18:02:02;19;en;213699458;2026-06-28 17:40:25;2026-06-28 18:02:02;2;491502;Basic knowledge;Frequently / weekly;;;;;When the largest disk is on the bottom;2;3;3;3;5;4;7 (strongly agree);7 (strongly agree);5;4;2;4;4;2;3;3;3;3;2;3;1 (strongly disagree);2;3;4;4;"After specifying my username, the chatbot mentioned it in a majority of it's later messages. I experienced that as a little bit silly or ""over-friendly"".";;Man;;Bachelor's degree;No;Yes;No;No;No;;25 to 34;;1302.72;;;;;3.16;18.56;;;;889.83;;;55.64;81.1;45.31;43.42;130.27;;5.83;5.3;4.86;10.02;4.31;;5.11
149;2026-06-30 19:04:21;19;en;986498902;2026-06-30 15:29:51;2026-06-30 19:04:21;4;491342;Basic knowledge;Daily;;;;;When n is 0;6;5;7 (strongly agree);1 (strongly disagree);4;6;7 (strongly agree);7 (strongly agree);2;6;4;7 (strongly agree);7 (strongly agree);5;6;6;4;3;6;6;1 (strongly disagree);6;6;6;2;;;Man;;High school diploma / Abitur;No;No;No;No;No;Romanian;18 to 24;;12877.4;;;;;94.71;9.66;;12463.5;;;;;24.28;123.79;50.46;61.8;13.21;;5.83;4.1;5.1;12.89;4.57;;3.57
105;2026-06-28 13:31:42;19;en;1042220419;2026-06-28 13:10:42;2026-06-28 13:31:42;4;657792;Basic knowledge;Occasionally / a few times a month;;;;;When n is 0;4;3;5;2;4;2;6;7 (strongly agree);2;5;3;6;6;3;3;4;4;4;3;3;1 (strongly disagree);2;3;6;6;"well he just repeats himself when doing mistakes so i guess he doesnt feel ""empathetic""";;Man;;High school diploma / Abitur;Yes;Yes;No;No;No;Assyrian;25 to 34;;1264.86;;;;;10.32;15.99;;885.36;;;;;22.17;99.82;44.66;58.96;71.51;;7.1;4.14;9.71;17.3;5.18;;12.64
140;2026-06-30 11:13:27;19;en;650796872;2026-06-30 10:52:38;2026-06-30 11:13:27;1;676593;Basic knowledge;Daily;;;;;When n is 0;2;4;3;2;3;5;5;7 (strongly agree);3;2;3;3;3;2;2;5;3;3;4;4;1 (strongly disagree);3;4;3;3;;;Man;;Bachelor's degree;No;Yes;No;No;No;;25 to 34;;1255.2;;;;;10.88;30.88;;;864.69;;;;61.52;120.55;49.51;47.02;20.99;;24.32;3.37;6.97;6.11;3.55;;4.84
12;2026-05-21 12:32:05;19;en;184296795;2026-05-21 12:11:22;2026-05-21 12:32:05;1;740362;Basic knowledge;Daily;;;;;When the move count reaches n;7 (strongly agree);6;6;6;6;7 (strongly agree);6;7 (strongly agree);2;6;6;5;5;6;5;5;5;5;4;5;1 (strongly disagree);4;5;5;6;No. It was accurate. ;;AO01;;AO02;Yes;Yes;No;No;No;;35 to 44;;1250.45;;;;;4.76;6.38;;;150.53;;;;8.23;302.87;30.86;156.3;439.88;;4.59;3.63;4.2;7.01;129.35;;1.86
113;2026-06-28 18:10:11;19;en;382640623;2026-06-28 17:50:08;2026-06-28 18:10:11;2;970506;Basic knowledge;Occasionally / a few times a month;;;;;When n is 0;2;2;5;5;5;5;4;7 (strongly agree);4;4;1 (strongly disagree);3;4;2;6;2;2;2;2;2;1 (strongly disagree);2;2;2;1 (strongly disagree);"There were many exclamation marks; they sometimes seemed empathetic but sometimes I felt they were over the top";;Woman;;High school diploma / Abitur;No;Yes;No;No;No;;18 to 24;;1191.52;;;;;7.19;21.51;;;;811.98;;;32.63;97.56;37.63;54.59;77.58;;4.78;6.15;6.52;21.95;3.48;;7.97
161;2026-06-30 20:25:38;19;en;869395207;2026-06-30 18:51:05;2026-06-30 20:25:38;2;865345;Basic knowledge;Daily;;;;;When n is 0;4;5;6;7 (strongly agree);6;6;5;7 (strongly agree);3;4;5;5;5;7 (strongly agree);4;7 (strongly agree);3;4;4;3;1 (strongly disagree);5;2;3;5;;;Prefer not to say;;Bachelor's degree;No;No;No;No;No;Russian;18 to 24;;1128.14;;;;;10.31;17.72;;;;21.64;;;863.16;74.15;31.16;47.09;3.1;;8.8;5.16;5.32;30.45;6.25;;3.83
98;2026-06-27 12:19:21;19;en;868125007;2026-06-27 12:01:15;2026-06-27 12:19:21;2;925874;Basic knowledge;Frequently / weekly;;;;;When n is 0;5;5;7 (strongly agree);5;5;6;6;7 (strongly agree);2;6;4;6;7 (strongly agree);7 (strongly agree);7 (strongly agree);7 (strongly agree);5;5;5;5;1 (strongly disagree);4;5;4;4;;;Man;;High school diploma / Abitur;Yes;Yes;No;No;No;;18 to 24;;1091.78;;;;;4.72;9.58;;;;805.47;;;36.16;73.73;33.27;39.17;49.44;;4.04;5.94;4.7;16.98;4.22;;4.36
62;2026-06-24 13:15:14;19;en;1592201774;2026-06-24 12:57:18;2026-06-24 13:15:14;3;899231;Basic knowledge;Daily;;;;;When n is 0;2;2;2;2;4;2;4;7 (strongly agree);2;1 (strongly disagree);4;7 (strongly agree);7 (strongly agree);7 (strongly agree);7 (strongly agree);7 (strongly agree);5;5;2;4;1 (strongly disagree);5;4;2;2;I had no such feelings;;Man;;Master's degree;No;No;No;No;No;Chinese;25 to 34;;1080.96;;;;;15.15;9.32;;;;;599.85;;23.64;88.67;34.16;77.96;48.24;;16.67;8.25;7.67;128.98;5.15;;17.25
132;2026-06-29 20:57:14;19;en;1211869291;2026-06-29 20:39:30;2026-06-29 20:57:14;4;600904;Basic knowledge;Frequently / weekly;;;;;When n is 0;2;6;5;2;6;1 (strongly disagree);7 (strongly agree);7 (strongly agree);1 (strongly disagree);5;2;2;3;3;3;2;2;2;3;3;1 (strongly disagree);1 (strongly disagree);2;1 (strongly disagree);2;"At times it was not clear what the instruction was. I tried asking the ChatBot ""I don't understand the task, could you rephrase"". And as an answer I only got ""I'm sorry, I'm not trained to help with that."" and the same task without any changes again. After texting for a while it got very frustrating. ";;Woman;;Prefer not to say;Yes;Yes;No;No;No;;25 to 34;;1071.84;;;;;6.79;10.18;;520.17;;;;;80.74;94.23;50.88;50.08;206.73;;12.54;4.24;5.68;13.7;8.64;;7.24
159;2026-06-30 18:18:22;19;en;2063088314;2026-06-30 18:00:48;2026-06-30 18:18:22;3;558627;Basic knowledge;Frequently / weekly;;;;;When n is 0;3;5;6;3;1 (strongly disagree);3;6;7 (strongly agree);2;6;2;7 (strongly agree);5;4;5;5;3;4;4;5;1 (strongly disagree);5;5;2;2;The bot asked for my preferred title instead of assuming. However, it only gave two options Mr. or Mrs. which may not fit everyone's preferred title.;;Man;;High school diploma / Abitur;Yes;Yes;No;No;No;turkish;18 to 24;;1059.31;;;;;5.05;6.23;;;;;509.41;;29.93;56.84;127.02;39.97;254.97;;4.21;3.51;5.6;10.14;2.77;;3.66
118;2026-06-29 09:40:29;19;en;894406108;2026-06-29 09:23:04;2026-06-29 09:40:29;2;306489;Advanced;Frequently / weekly;;;;;When n is 0;1 (strongly disagree);2;1 (strongly disagree);1 (strongly disagree);5;1 (strongly disagree);6;7 (strongly agree);1 (strongly disagree);1 (strongly disagree);1 (strongly disagree);1 (strongly disagree);1 (strongly disagree);1 (strongly disagree);1 (strongly disagree);1 (strongly disagree);1 (strongly disagree);1 (strongly disagree);3;5;1 (strongly disagree);1 (strongly disagree);1 (strongly disagree);1 (strongly disagree);1 (strongly disagree);the inclusion of my name is a nice idea for a more personal touch, but i often felt like it was included in weird places in the sentences.;;Man;;High school diploma / Abitur;Yes;Yes;No;No;No;;18 to 24;It's a little unfortunate that this chat bot is not capable of doing the one thing that makes chat bots interesting for learning: Answering specific questions about the material.;1050.49;;;;;8.16;10.28;;;;760.13;;;28.21;55.17;18.83;31.68;60.51;;4.24;3.45;7.53;5.93;4;;52.37
126;2026-06-29 15:13:13;19;en;167739808;2026-06-29 14:56:09;2026-06-29 15:13:13;2;238251;Basic knowledge;Daily;;;;;When n is 0;5;6;7 (strongly agree);5;4;6;6;7 (strongly agree);2;4;3;7 (strongly agree);7 (strongly agree);5;7 (strongly agree);7 (strongly agree);5;6;6;6;1 (strongly disagree);5;7 (strongly agree);1 (strongly disagree);1 (strongly disagree);;;Man;;High school diploma / Abitur;No;Yes;No;No;No;;18 to 24;;1029.93;;;;;7.45;4.57;;;;758.91;;;52.67;70.01;27.34;30.08;28.73;;27.57;5.13;5.56;4.19;2.58;;5.14
166;2026-06-30 20:59:50;19;en;1977299495;2026-06-30 20:42:54;2026-06-30 20:59:50;4;659225;Basic knowledge;Occasionally / a few times a month;;;;;When n is 0;2;2;6;2;4;1 (strongly disagree);6;7 (strongly agree);4;6;1 (strongly disagree);2;2;3;2;1 (strongly disagree);3;3;4;2;1 (strongly disagree);2;4;1 (strongly disagree);1 (strongly disagree);Personally, I didn't even notice the bot using any gendered language. Because that hasn't crossed my mind, I would say that no, there were no phrases used that made the bot feel anything other than gender neutral.;;Woman;;High school diploma / Abitur;Yes;Yes;No;No;No;Arabic;18 to 24;I do think the bot provides correct and helpful information, but unfortunately, I didn't feel as though it was acting as a mentor. To me it felt more like a knowledge check or a test. It would have been nice if there had been the opportunity to ask for clarification/explanations before having to give an answer.;1021.08;;;;;4.55;7.3;;493.84;;;;;84.45;60.67;26.45;34.02;135.05;;25.15;4.62;4.97;10.28;3.58;;126.15
121;2026-06-29 12:28:12;19;en;974275284;2026-06-29 12:11:19;2026-06-29 12:28:12;3;695336;Advanced;Frequently / weekly;;;;;When the move count reaches n;4;5;3;2;6;3;5;7 (strongly agree);2;4;3;5;3;5;5;2;2;2;2;2;1 (strongly disagree);2;6;1 (strongly disagree);1 (strongly disagree);;;Nonbinary;;High school diploma / Abitur;Yes;Yes;No;No;No;Russian;18 to 24;I did not understand how to enter the gaps so the chatbot would understand it;1019.65;;;;;10.15;8.27;;;;;727.92;;31.5;53.66;22.86;29.72;67.17;;10.2;7.95;6.66;13.64;5.54;;24.41
164;2026-06-30 20:28:55;19;en;1920715120;2026-06-30 20:12:08;2026-06-30 20:28:55;2;612613;Advanced;Frequently / weekly;;;;;When n is 0;2;4;4;7 (strongly agree);6;3;7 (strongly agree);7 (strongly agree);1 (strongly disagree);2;1 (strongly disagree);3;3;4;5;3;3;3;1 (strongly disagree);1 (strongly disagree);1 (strongly disagree);2;5;5;5;As the bot never adresses mit with any pronouns it felt very gender neutral;;Man;;High school diploma / Abitur;Yes;Yes;No;No;No;;25 to 34;;1012.94;;;;;3.75;16.29;;;;331.17;;;459.77;60.96;26.4;26.32;57.6;;7.75;4.23;5.17;5.94;2.71;;4.88
71;2026-06-24 18:23:32;19;en;1087862429;2026-06-24 18:06:56;2026-06-24 18:23:32;4;181825;Basic knowledge;Daily;;;;;When n is 0;2;5;3;5;7 (strongly agree);4;7 (strongly agree);7 (strongly agree);2;4;1 (strongly disagree);1 (strongly disagree);2;5;5;5;3;2;7 (strongly agree);6;1 (strongly disagree);1 (strongly disagree);6;4;4;;;Woman;;High school diploma / Abitur;No;No;No;No;No;Russian / Azerbaijani (bilingual);18 to 24;Chatbot did not communicate the requirements on the format of the answer clear enough which is why my 100% correct answer was interpreted as 100% incorrect, which kinda upset me. As practical implication it could later waste someone’s time explaining some stuff to the person even though the user already knows and understands it all, just because it (chatbot) misinterpreted their answer and thinks that the user has insufficient knowledge in the topic;1001.91;;;;;4.65;8.14;;632.89;;;;;12.95;91.06;20.15;39.33;11.48;;7.23;6.33;5.64;20.49;4.06;;137.51
64;2026-06-24 13:54:36;19;en;1880215252;2026-06-24 13:48:48;2026-06-24 13:54:36;2;246698;Advanced;Daily;;;;;When n is 0;5;5;6;4;5;3;5;7 (strongly agree);1 (strongly disagree);7 (strongly agree);6;6;6;6;6;6;6;6;6;6;7 (strongly agree);7 (strongly agree);6;6;2;Nope, I tend to be rational but not emotional. So I might not pay much attention to the chatbot's language.;;Man;;Bachelor's degree;No;No;No;No;No;Chinese;25 to 34;Nope;354;;;;;10.04;4.72;;;;19.46;;;137.61;54.39;17.55;24.44;45.88;;3.22;5.81;5.2;14.27;4.01;;7.4